<helpmenuitems>
<helpmenu>Python Tutorial</helpmenu><tablabel>Python</tablabel><helplink>http://docs.python.org/tutorial/</helplink>
<helpmenu>SciPy Cookbook</helpmenu><tablabel>SPCookbook</tablabel><helplink>http://www.scipy.org/Cookbook/</helplink>
<helpmenu>Numpy Main Reference</helpmenu><tablabel>Numpy</tablabel><helplink>http://docs.scipy.org/doc/numpy/reference/</helplink>
<helpmenu>Scipy Main Reference</helpmenu><tablabel>Scipy</tablabel><helplink>http://docs.scipy.org/doc/scipy/reference/</helplink>
<helpmenu>2D Plotting with Matplotlib Tutorial (pyplot=pp in SciPylot)</helpmenu><tablabel>2DTutorial</tablabel><helplink>http://matplotlib.sourceforge.net/users/pyplot_tutorial.html</helplink>
<helpmenu>2D Plot Window Navigation</helpmenu><tablabel>2DNavigate</tablabel><helplink>http://matplotlib.sourceforge.net/users/navigation_toolbar.html</helplink>
<helpmenu>2D Plotting matplotlib Main Reference</helpmenu><tablabel>2DMain</tablabel><helplink>http://matplotlib.sourceforge.net/contents.html</helplink>
<helpmenu>3D Main(Enthought.MayaVi.mlab==p3d in SciPylot)</helpmenu><tablabel>p3d</tablabel><helplink>http://code.enthought.com/projects/mayavi/docs/development/html/mayavi/auto/mlab_reference.html</helplink>
<helpmenu>3D with Enthought MayaVi</helpmenu><tablabel>3DMain</tablabel><helplink>http://code.enthought.com/projects/mayavi/docs/development/html/mayavi/</helplink>
<helpmenu>3D lower level with Enthought TVTK</helpmenu><tablabel>3DTVTK</tablabel><helplink>http://code.enthought.com/projects/mayavi/docs/development/html/tvtk/</helplink>
<helpmenu>Cython - Python to C to Library</helpmenu><tablabel>Cython</tablabel><helplink>http://docs.cython.org/</helplink>
<helpmenu>f2py - Fortran to C to Library</helpmenu><tablabel>f2py</tablabel><helplink>http://cens.ioc.ee/projects/f2py2e/usersguide/f2py_usersguide.pdf</helplink>
<helpmenu>Documentation Guidelines Example for Sphinx</helpmenu><tablabel>SphinxInMPL</tablabel><helplink>http://matplotlib.sourceforge.net/devel/documenting_mpl.html</helplink>
<helpmenu>Sympy - Symbolic Manipulation</helpmenu><tablabel>SymPy</tablabel><helplink>http://docs.sympy.org/</helplink>
<helpmenu>Enthought Chaco - 2D High-Performance Interaction</helpmenu><tablabel>2DChaco</tablabel><helplink>http://code.enthought.com/projects/chaco/docs/html/</helplink>
<helpmenu>Enthought Traits - Useful for Wizards/Interactivity</helpmenu><tablabel>Traits</tablabel><helplink>http://code.enthought.com/projects/traits/docs/html/</helplink>
<helpmenu>SciPy for M*B Users</helpmenu><tablabel>Py4M*B</tablabel><helplink>http://www.scipy.org/NumPy_for_Matlab_Users</helplink>
<helpmenu> </helpmenu><tablabel> </tablabel><helplink> </helplink>
</helpmenuitems>



