<historylist>
<history>x=linspace(0,1,21)</history> <timestamp>(2009/3/02 16:52:06)</timestamp>
<history>y=sin(x*pi)</history> <timestamp>(2009/3/02 16:52:10)</timestamp>
<history>plot(x,y,'b.')</history> <timestamp>(2009/3/02 16:53:06)</timestamp>
<history>xlabel('x')</history> <timestamp> (2009/3/02 16:54:06)</timestamp>
<history>ylabel('y')</history> <timestamp>(2009/3/02 16:55:06)</timestamp>
<history>title('Test Plot')</history> <timestamp>(2009/3/02 16:56:06)</timestamp>
</historylist>